comment_id,annotator_id,platform,sentiment,respect,insult,humiliate,status,dehumanize,violence,genocide,attack_defend,hatespeech,hate_speech_score,text,infitms,outfitms,annotator_severity,std_err,annotator_infitms,annotator_outfitms,hypothesis,target_race_asian,target_race_black,target_race_latinx,target_race_middle_eastern,target_race_native_american,target_race_pacific_islander,target_race_white,target_race_other,target_race,target_religion_atheist,target_religion_buddhist,target_religion_christian,target_religion_hindu,target_religion_jewish,target_religion_mormon,target_religion_muslim,target_religion_other,target_religion,target_origin_immigrant,target_origin_migrant_worker,target_origin_specific_country,target_origin_undocumented,target_origin_other,target_origin,target_gender_men,target_gender_non_binary,target_gender_transgender_men,target_gender_transgender_unspecified,target_gender_transgender_women,target_gender_women,target_gender_other,target_gender,target_sexuality_bisexual,target_sexuality_gay,target_sexuality_lesbian,target_sexuality_straight,target_sexuality_other,target_sexuality,target_age_children,target_age_teenagers,target_age_young_adults,target_age_middle_aged,target_age_seniors,target_age_other,target_age,target_disability_physical,target_disability_cognitive,target_disability_neurological,target_disability_visually_impaired,target_disability_hearing_impaired,target_disability_unspecific,target_disability_other,target_disability,annotator_gender,annotator_trans,annotator_educ,annotator_income,annotator_ideology,annotator_gender_men,annotator_gender_women,annotator_gender_non_binary,annotator_gender_prefer_not_to_say,annotator_gender_self_describe,annotator_transgender,annotator_cisgender,annotator_transgender_prefer_not_to_say,annotator_education_some_high_school,annotator_education_high_school_grad,annotator_education_some_college,annotator_education_college_grad_aa,annotator_education_college_grad_ba,annotator_education_professional_degree,annotator_education_masters,annotator_education_phd,annotator_income_<10k,annotator_income_10k-50k,annotator_income_50k-100k,annotator_income_100k-200k,annotator_income_>200k,annotator_ideology_extremeley_conservative,annotator_ideology_conservative,annotator_ideology_slightly_conservative,annotator_ideology_neutral,annotator_ideology_slightly_liberal,annotator_ideology_liberal,annotator_ideology_extremeley_liberal,annotator_ideology_no_opinion,annotator_race_asian,annotator_race_black,annotator_race_latinx,annotator_race_middle_eastern,annotator_race_native_american,annotator_race_pacific_islander,annotator_race_white,annotator_race_other,annotator_age,annotator_religion_atheist,annotator_religion_buddhist,annotator_religion_christian,annotator_religion_hindu,annotator_religion_jewish,annotator_religion_mormon,annotator_religion_muslim,annotator_religion_nothing,annotator_religion_other,annotator_sexuality_bisexual,annotator_sexuality_gay,annotator_sexuality_straight,annotator_sexuality_other
47777,10873,3,0.0,0.0,0.0,0.0,2.0,0.0,0.0,0.0,0.0,0.0,-3.9,"Yes indeed. She sort of reminds me of the elder lady that played the part in the movie ""Titanic"" who was telling her story!!! And I wouldn't have wanted to cover who I really am!! I would be proud!!!! WE should be proud of our race no matter what it is!!",0.81,1.88,0.36,0.34,1.35,1.23,-1.1301777576839678,true,true,true,true,true,true,true,false,true,false,false,false,false,false,false,false,false,false,false,false,false,false,false,false,false,false,false,false,false,false,false,false,false,false,false,false,false,false,false,false,false,false,false,false,false,false,false,false,false,false,false,false,false,male,no,college_grad_ba,<10k,neutral,true,false,false,false,false,false,true,false,false,false,false,false,true,false,false,false,true,false,false,false,false,false,false,false,true,false,false,false,false,false,false,false,false,false,false,true,false,25.0,false,false,true,false,false,false,false,false,false,false,false,true,false
39773,2790,2,0.0,0.0,0.0,0.0,2.0,0.0,0.0,0.0,2.0,0.0,-6.52,The trans women reading this tweet right now is beautiful,0.96,0.43,-0.35,1.0,0.57,0.42,-1.14697343156313,false,false,false,false,false,false,false,false,false,false,false,false,false,false,false,false,false,false,false,false,false,false,false,false,false,false,true,false,false,false,false,true,false,false,false,false,false,false,false,false,false,false,false,false,false,false,false,false,false,false,false,false,false,female,no,some_college,<10k,neutral,false,true,false,false,false,false,true,false,false,false,true,false,false,false,false,false,true,false,false,false,false,false,false,false,true,false,false,false,false,false,false,false,false,false,false,true,false,30.0,false,false,true,false,false,false,false,false,false,false,false,true,false
47101,3379,3,4.0,4.0,4.0,4.0,4.0,4.0,0.0,0.0,4.0,2.0,0.36,"Question: These 4 broads who criticize America, what country did they flee to get here? And now they want to make OUR America like THEIR former HELL HOLE. I don't think so!!!!!!!!!! Let them explain their GRATITUDE for letting them in OUR country.",0.9,0.74,-0.48,0.31,1.16,0.67,-0.2073693303116617,false,false,false,false,false,false,false,false,false,false,false,false,false,false,false,false,false,false,true,false,false,false,false,true,false,false,false,false,false,false,false,false,false,false,false,false,false,false,false,false,false,false,false,false,false,false,false,false,false,false,false,false,false,male,no,some_college,100k-200k,slightly_conservative,true,false,false,false,false,false,true,false,false,false,true,false,false,false,false,false,false,false,false,true,false,false,false,true,false,false,false,false,false,false,false,false,false,false,false,true,false,41.0,false,false,false,false,false,false,false,true,false,false,false,true,false
43625,7365,3,2.0,3.0,2.0,1.0,2.0,0.0,0.0,0.0,3.0,0.0,0.26,It is about time for all illegals to go back to their country of origin and keep our freeway open and prevent heavy traffic.,0.81,0.68,0.86,0.29,1.18,0.87,-0.05553560451933918,false,false,false,false,false,false,false,false,false,false,false,false,false,false,false,false,false,false,false,false,false,true,false,true,false,false,false,false,false,false,false,false,false,false,false,false,false,false,false,false,false,false,false,false,false,false,false,false,false,false,false,false,false,male,no,high_school_grad,10k-50k,neutral,true,false,false,false,false,false,true,false,false,true,false,false,false,false,false,false,false,true,false,false,false,false,false,false,true,false,false,false,false,false,false,false,false,false,false,true,false,42.0,true,false,false,false,false,false,false,false,false,false,false,true,false
12538,488,0,4.0,4.0,4.0,4.0,4.0,4.0,4.0,1.0,3.0,2.0,1.54,For starters bend over the one in pink and kick that ass and pussy to get a taste until she's begging for a dick inside her.,0.76,0.63,-0.54,0.51,0.95,1.0,0.10422515693299486,false,false,false,false,false,false,false,false,false,false,false,false,false,false,false,false,false,false,false,false,false,false,false,false,false,false,false,false,false,true,false,true,false,false,false,false,false,false,false,false,false,false,false,false,false,false,false,false,false,false,false,false,false,female,no,masters,10k-50k,neutral,false,true,false,false,false,false,true,false,false,false,false,false,false,false,true,false,false,true,false,false,false,false,false,false,true,false,false,false,false,false,false,false,false,false,false,true,false,27.0,false,false,true,false,false,false,false,false,false,false,false,true,false
11001,527,0,1.0,1.0,0.0,0.0,2.0,0.0,0.0,0.0,2.0,0.0,-4.93,Sounds like the kinda wholsesome life I'd die for â¤ï¸ never met any black Lesbians before so i guess you're my first ever.,0.59,0.23,-0.28,0.48,0.6,0.56,-1.1861062794187307,false,true,false,false,false,false,false,false,true,false,false,false,false,false,false,false,false,false,false,false,false,false,false,false,false,false,false,false,false,false,false,false,false,false,true,false,false,true,false,false,false,false,false,false,false,false,false,false,false,false,false,false,false,male,no,high_school_grad,10k-50k,extremely_liberal,true,false,false,false,false,false,true,false,false,true,false,false,false,false,false,false,false,true,false,false,false,false,false,false,false,false,false,false,false,false,false,false,false,false,false,true,false,30.0,false,false,false,false,false,false,false,false,true,false,false,true,false
13168,3275,0,4.0,4.0,4.0,4.0,3.0,3.0,0.0,0.0,3.0,2.0,0.17,Who the fuck is this insignificant simple minded redneck? When he gets a vagina he can decide what he wants to do with it.,1.11,0.96,-0.21,0.3,0.92,0.71,-0.04738943225136884,false,false,false,false,false,false,true,false,true,false,false,false,false,false,false,false,false,false,false,false,false,false,false,false,false,false,false,false,false,false,false,false,false,false,false,false,false,false,false,false,false,false,false,false,false,false,false,false,false,false,false,false,false,male,no,high_school_grad,50k-100k,extremely_conservative,true,false,false,false,false,false,true,false,false,true,false,false,false,false,false,false,false,false,true,false,false,true,false,false,false,false,false,false,false,false,true,false,false,false,false,false,false,37.0,false,false,true,false,false,false,false,false,false,false,false,true,false
17034,6801,0,4.0,4.0,4.0,4.0,4.0,0.0,0.0,0.0,3.0,2.0,2.08,Fuck off you insufferable retarded faggot.,0.75,0.96,0.38,0.36,0.92,0.81,0.4463116122511849,false,false,false,false,false,false,false,false,false,false,false,false,false,false,false,false,false,false,false,false,false,false,false,false,false,false,false,false,false,false,false,false,false,true,false,false,false,true,false,false,false,false,false,false,false,false,false,false,false,false,false,false,false,male,no,college_grad_ba,100k-200k,extremely_liberal,true,false,false,false,false,false,true,false,false,false,false,false,true,false,false,false,false,false,false,true,false,false,false,false,false,false,false,false,false,false,false,false,false,false,false,true,false,47.0,true,false,false,false,false,false,false,false,false,false,false,true,false
40171,10363,3,4.0,4.0,4.0,3.0,3.0,3.0,0.0,1.0,1.0,0.0,-0.66,"OMG! The EGO's of these young, young, inexperienced women display are remarkable! So self absorbed - so, so proud of the mistakes their constituents all made in giving them a bit of power. They'll be quite surprised to find that the vast majority of Americans think that these women represent the very WORST of ""modern"" America. Egos out of control !!",0.92,0.77,-0.99,0.34,1.3,2.08,-0.19928428178107632,false,false,false,false,false,false,false,false,false,false,false,false,false,false,false,false,false,false,false,false,false,false,false,false,false,false,false,false,false,true,false,true,false,false,false,false,false,false,false,false,false,false,false,false,false,false,false,false,false,false,false,false,false,female,no,college_grad_aa,50k-100k,slightly_conservative,false,true,false,false,false,false,true,false,false,false,false,true,false,false,false,false,false,false,true,false,false,false,false,true,false,false,false,false,false,false,false,false,false,false,false,true,false,35.0,false,false,true,false,false,false,false,false,false,false,false,true,false
1006,10615,0,4.0,4.0,4.0,4.0,4.0,4.0,4.0,0.0,4.0,2.0,-0.38,"Worthless whore, these tits with look nice with bite marks and cum",1.06,0.88,-1.19,0.35,0.98,0.85,0.4529319505600441,false,false,false,false,false,false,false,false,false,false,false,false,false,false,false,false,false,false,false,false,false,false,false,false,false,false,false,false,false,true,false,true,false,false,false,false,false,false,false,false,false,false,false,false,false,false,false,false,false,false,false,false,false,female,no,masters,50k-100k,extremely_liberal,false,true,false,false,false,false,true,false,false,false,false,false,false,false,true,false,false,false,true,false,false,false,false,false,false,false,false,false,false,false,false,false,false,false,false,true,false,30.0,true,false,false,false,false,false,false,false,false,false,false,true,false
23643,9750,2,0.0,0.0,0.0,0.0,2.0,0.0,0.0,0.0,2.0,0.0,-3.6,9) uhhhh i like being lgbt a lot. i feel proud of what i have done to help others in my community,0.7,0.31,0.61,0.36,1.04,0.76,-1.205320651944535,false,false,false,false,false,false,false,false,false,false,false,false,false,false,false,false,false,false,false,false,false,false,false,false,false,false,false,false,false,false,false,false,true,true,true,false,false,true,false,false,false,false,false,false,false,false,false,false,false,false,false,false,false,female,no,college_grad_ba,10k-50k,liberal,false,true,false,false,false,false,true,false,false,false,false,false,true,false,false,false,false,true,false,false,false,false,false,false,false,false,true,false,false,false,false,false,false,false,false,true,false,30.0,false,false,true,false,false,false,false,false,false,false,false,true,false
14241,7331,0,3.0,3.0,3.0,3.0,3.0,2.0,1.0,1.0,2.0,0.0,-0.5,"Instagram refugees lmao, let's build a wall instead",0.6,0.53,-0.54,0.42,0.92,0.77,-0.22161097013801515,false,false,false,false,false,false,false,false,false,false,false,false,false,false,false,false,false,false,true,false,false,false,false,true,false,false,false,false,false,false,false,false,false,false,false,false,false,false,false,false,false,false,false,false,false,false,false,false,false,false,false,false,false,male,no,college_grad_ba,100k-200k,liberal,true,false,false,false,false,false,true,false,false,false,false,false,true,false,false,false,false,false,false,true,false,false,false,false,false,false,true,false,false,false,false,false,false,false,false,true,false,64.0,false,false,true,false,false,false,false,false,false,false,false,true,false
20583,7259,2,4.0,2.0,1.0,2.0,2.0,3.0,0.0,0.0,2.0,0.0,-2.43,"@terryelaineh1 @UKLabour Why do 3.8 million #50sWomen not constitute ""The Many"" not the few? Why is Labour not supporting women who've contributed all their working lives, paid for past pensions and NOW still paying, just for being women over 60! #BackTo60 #OneVoice #JudicialReview #CEDAW",2.66,2.15,0.52,0.37,1.43,1.45,-0.6783349464860892,false,false,false,false,false,false,false,false,false,false,false,false,false,false,false,false,false,false,false,false,false,false,false,false,true,false,false,false,false,false,false,true,false,false,false,false,false,false,false,false,false,false,false,false,false,false,false,false,false,false,false,false,false,male,no,college_grad_aa,50k-100k,neutral,true,false,false,false,false,false,true,false,false,false,false,true,false,false,false,false,false,false,true,false,false,false,false,false,true,false,false,false,false,false,false,false,false,false,false,true,false,33.0,false,false,false,false,false,false,false,false,true,false,false,true,false
30879,1329,2,2.0,2.0,2.0,2.0,2.0,2.0,2.0,0.0,2.0,0.0,-1.8,"I said it yesterday, I knew this is about to go down. Mangalore: Police now booked those Hindus who caught Ansari in the act of rap!ng that poor calf under sections 506, 504 (intentional insult with intent to provoke breach of peace), 323 & 153A. Judiciary is the most corrupt. URL",0.43,0.51,-0.01,0.42,1.35,1.63,-0.3272240323174813,false,false,false,true,false,false,false,false,true,false,false,false,false,false,false,false,false,false,false,false,false,false,false,false,false,false,false,false,false,false,false,false,false,false,false,false,false,false,false,false,false,false,false,false,false,false,false,false,false,false,false,false,false,female,no,some_college,50k-100k,conservative,false,true,false,false,false,false,true,false,false,false,true,false,false,false,false,false,false,false,true,false,false,false,true,false,false,false,false,false,false,false,false,false,false,false,false,true,false,47.0,true,false,false,false,false,false,false,false,false,false,false,true,false
29527,2171,2,3.0,3.0,3.0,3.0,4.0,3.0,0.0,0.0,3.0,0.0,0.99,White Small Little Invisible Clits Are A Disgrace ðŸ¤¢ Pay Me For You Having Such a Small Disgraceful Useless Object Kik GoddesssJayy #Findom #Sph #Whiteslave #Humiliation #Pindick #Cashslave #Cuck #Cuckold #EbonyDomme,0.59,0.55,0.74,0.31,1.21,1.58,0.2433175808322852,false,false,false,false,false,false,true,false,true,false,false,false,false,false,false,false,false,false,false,false,false,false,false,false,false,false,false,false,false,true,false,true,false,false,false,false,false,false,false,false,false,false,false,false,false,false,false,false,false,false,false,false,false,female,no,college_grad_ba,10k-50k,liberal,false,true,false,false,false,false,true,false,false,false,false,false,true,false,false,false,false,true,false,false,false,false,false,false,false,false,true,false,false,false,true,false,false,true,false,true,false,46.0,false,false,false,false,false,false,false,true,false,false,false,true,false
23016,10173,2,3.0,1.0,0.0,0.0,2.0,0.0,0.0,0.0,0.0,0.0,-3.09,Ladies buy a gun learn how to use it effectively and kill these mother fuckers. URL,1.17,0.49,0.0,0.38,0.78,0.76,0.2395896706706933,false,false,false,false,false,false,false,false,false,false,false,false,false,false,false,false,false,false,false,false,false,false,false,false,false,false,false,false,false,true,false,true,false,false,false,false,false,false,false,false,false,false,false,false,false,false,false,false,false,false,false,false,false,male,no,some_college,10k-50k,conservative,true,false,false,false,false,false,true,false,false,false,true,false,false,false,false,false,false,true,false,false,false,false,true,false,false,false,false,false,false,false,false,false,false,false,false,true,false,25.0,false,false,false,false,false,false,false,true,false,true,false,false,false
22819,9912,2,2.0,2.0,3.0,2.0,2.0,2.0,0.0,0.0,2.0,1.0,-1.85,"@ghostofthor same energy as the ""YOU DONT LOOK INDIAN STOP LYING ABOUT BEING SOUTH ASIAN"" cc",0.71,0.44,-0.02,0.31,0.96,0.85,-0.9908126002729908,true,false,false,true,false,false,false,false,true,false,false,false,false,false,false,false,false,false,false,false,false,false,false,false,false,false,false,false,false,false,false,false,false,false,false,false,false,false,false,false,false,false,false,false,false,false,false,false,false,false,false,false,false,male,no,college_grad_aa,10k-50k,liberal,true,false,false,false,false,false,true,false,false,false,false,true,false,false,false,false,false,true,false,false,false,false,false,false,false,false,true,false,false,false,false,false,false,false,false,true,false,34.0,true,false,false,false,false,false,false,false,false,false,false,true,false
36534,9312,2,4.0,4.0,4.0,4.0,2.0,2.0,1.0,0.0,3.0,2.0,1.62,"@suddenlywestan Because you are a country of mentally ill terrorists. Whoever says different is an enabler, ignorant and blind to endless/countless wars and aggression and the death rate by American terrorist acts. Fuck you American scum!",1.03,0.98,-0.14,0.35,0.99,1.07,0.3207632885069026,false,false,false,false,false,false,false,false,false,false,false,false,false,false,false,false,false,false,false,false,true,false,false,true,false,false,false,false,false,false,false,false,false,false,false,false,false,false,false,false,false,false,false,false,false,false,true,true,false,false,false,false,true,female,no,college_grad_ba,10k-50k,conservative,false,true,false,false,false,false,true,false,false,false,false,false,true,false,false,false,false,true,false,false,false,false,true,false,false,false,false,false,false,false,false,false,false,false,false,true,false,27.0,false,false,true,false,false,false,false,false,false,false,false,true,false
7287,4546,0,4.0,4.0,3.0,2.0,4.0,2.0,0.0,0.0,3.0,2.0,1.0,This sub is full of grade A faggots Comedy fucking Ebola,0.66,0.57,0.25,0.33,0.87,0.83,0.3468547335071481,false,false,false,false,false,false,false,false,false,false,false,false,false,false,false,false,false,false,false,false,false,false,false,false,false,false,false,false,false,false,false,false,false,true,true,false,false,true,false,false,false,false,false,false,false,false,false,false,false,false,false,false,false,male,no,some_college,10k-50k,liberal,true,false,false,false,false,false,true,false,false,false,true,false,false,false,false,false,false,true,false,false,false,false,false,false,false,false,true,false,false,true,false,false,false,false,false,true,false,33.0,true,false,false,false,false,false,false,false,false,true,false,false,false
32074,5487,2,2.0,2.0,0.0,0.0,2.0,0.0,0.0,0.0,2.0,0.0,-2.88,Progress ðŸ‘ LGBT rights in Europe: Some countries 'moving backwards on equality for first time in a decade' | Euronews URL #NewsSuite URL,0.45,0.24,-0.1,0.29,0.78,0.89,-1.1664775057894636,false,false,false,false,false,false,false,false,false,false,false,false,false,false,false,false,false,false,false,false,false,false,false,false,false,false,false,false,false,false,false,false,true,true,true,false,false,true,false,false,false,false,false,false,false,false,false,false,false,false,false,false,false,female,no,some_high_school,10k-50k,liberal,false,true,false,false,false,false,true,false,true,false,false,false,false,false,false,false,false,true,false,false,false,false,false,false,false,false,true,false,false,false,false,false,false,false,false,true,false,34.0,false,false,true,false,false,false,false,false,false,false,false,true,false
46526,3863,3,3.0,3.0,2.0,2.0,2.0,0.0,0.0,0.0,2.0,0.0,-0.76,Joshua Lelo so you have seen all actors from every community and have deducted no one beats Scarlett? Another African with inferiority complex ðŸ¤¦ðŸ¾â€â™€ï¸.,0.7,0.63,0.35,0.29,0.72,0.68,-0.5651676449689987,false,true,false,false,false,false,false,false,true,false,false,false,false,false,false,false,false,false,false,false,false,false,false,false,false,false,false,false,false,false,false,false,false,false,false,false,false,false,false,false,false,false,false,false,false,false,false,false,false,false,false,false,false,male,no,college_grad_ba,100k-200k,extremely_liberal,true,false,false,false,false,false,true,false,false,false,false,false,true,false,false,false,false,false,false,true,false,false,false,false,false,false,false,false,false,false,false,true,false,false,false,true,false,38.0,false,false,true,false,false,false,false,false,false,false,false,true,false
30683,2576,2,3.0,2.0,3.0,3.0,3.0,2.0,0.0,0.0,2.0,0.0,-0.66,He is a racist just like his Father who tried to keep blacks out of his housing Apts back in the day. URL,0.93,0.64,0.59,0.34,1.21,1.21,-0.2889191611986625,false,true,false,false,false,false,false,false,true,false,false,false,false,false,false,false,false,false,false,false,false,false,false,false,false,false,false,false,false,false,false,false,false,false,false,false,false,false,false,false,false,false,false,false,false,false,false,false,false,false,false,false,false,male,no,high_school_grad,10k-50k,liberal,true,false,false,false,false,false,true,false,false,true,false,false,false,false,false,false,false,true,false,false,false,false,false,false,false,false,true,false,false,false,false,false,false,false,false,true,false,62.0,false,false,false,false,false,false,false,true,false,false,false,true,false
15758,8749,0,2.0,2.0,2.0,0.0,2.0,0.0,0.0,0.0,2.0,0.0,-2.05,"No, they only do that to black people",0.46,0.72,0.47,0.3,0.62,0.38,-0.2621515807435273,false,true,false,false,false,false,false,false,true,false,false,false,false,false,false,false,false,false,false,false,false,false,false,false,false,false,false,false,false,false,false,false,false,false,false,false,false,false,false,false,false,false,false,false,false,false,false,false,false,false,false,false,false,male,no,college_grad_aa,<10k,extremely_liberal,true,false,false,false,false,false,true,false,false,false,false,true,false,false,false,false,true,false,false,false,false,false,false,false,false,false,false,false,false,false,false,false,false,false,false,true,false,23.0,true,false,false,false,false,false,false,false,false,false,true,false,false
14868,3948,0,2.0,2.0,1.0,2.0,2.0,1.0,0.0,0.0,1.0,0.0,-4.09,"Many of the families who are being separated at the border and who are being kept in poor conditions did try to cross legally, through legal ports of entry seeking asylum.",0.97,0.34,-0.4,0.37,0.8,0.71,-0.7829548704976037,false,false,false,false,false,false,false,false,false,false,false,false,false,false,false,false,false,false,true,false,false,true,false,true,false,false,false,false,false,false,false,false,false,false,false,false,false,false,false,false,false,false,false,false,false,false,false,false,false,false,false,false,false,male,no,phd,50k-100k,liberal,true,false,false,false,false,false,true,false,false,false,false,false,false,false,false,true,false,false,true,false,false,false,false,false,false,false,true,false,false,true,false,false,false,false,false,false,false,36.0,true,false,false,false,false,false,false,false,false,false,false,true,false
11817,3559,0,4.0,4.0,4.0,4.0,4.0,4.0,4.0,3.0,4.0,2.0,1.77,Get rid of them and their anchor babies and grand babies. Fucking worthless guinees,0.74,0.66,0.12,0.33,0.71,0.64,0.4267839502970977,false,false,false,false,false,false,false,true,true,false,false,false,false,false,false,false,false,false,false,false,true,false,false,true,false,false,false,false,false,false,false,false,false,false,false,false,false,false,false,false,false,false,false,false,false,false,false,false,false,false,false,false,false,male,no,college_grad_ba,50k-100k,slightly_liberal,true,false,false,false,false,false,true,false,false,false,false,false,true,false,false,false,false,false,true,false,false,false,false,false,false,true,false,false,false,false,false,false,false,false,false,true,false,36.0,false,false,true,false,false,false,false,false,false,false,false,true,false
4373,5717,0,3.0,3.0,2.0,3.0,2.0,2.0,1.0,1.0,2.0,0.0,-0.85,So hot!!! Wish she squirted in my mouth ðŸ’¦,1.24,1.09,0.2,0.41,1.03,0.98,-0.1845295940224588,false,false,false,false,false,false,false,false,false,false,false,false,false,false,false,false,false,false,false,false,false,false,false,false,false,false,false,false,false,true,false,true,false,false,false,false,false,false,false,false,false,false,false,false,false,false,false,false,false,false,false,false,false,male,no,college_grad_ba,10k-50k,neutral,true,false,false,false,false,false,true,false,false,false,false,false,true,false,false,false,false,true,false,false,false,false,false,false,true,false,false,false,false,false,true,false,false,false,false,true,false,33.0,false,false,true,false,false,false,false,false,false,false,false,true,false
1323,2017,0,0.0,0.0,0.0,1.0,2.0,0.0,0.0,0.0,1.0,0.0,-5.42,"Thank you for posting this! Gives us other ""normal"" women confidence. We all aren't skinny, or shaved, of perky. Doesn't mean we still aren't sexy.",1.38,0.87,-0.04,0.51,0.53,0.37,-1.1023265328045606,false,false,false,false,false,false,false,false,false,false,false,false,false,false,false,false,false,false,false,false,false,false,false,false,false,false,false,false,false,true,false,true,false,false,false,false,false,false,false,false,false,false,false,false,false,false,false,false,false,false,false,false,false,female,no,some_college,10k-50k,extremely_liberal,false,true,false,false,false,false,true,false,false,false,true,false,false,false,false,false,false,true,false,false,false,false,false,false,false,false,false,false,false,false,true,false,false,false,false,false,false,39.0,false,false,false,false,false,false,false,true,false,false,false,true,false
38126,6701,2,4.0,3.0,3.0,3.0,2.0,0.0,0.0,0.0,3.0,1.0,-0.88,"Y'all always slip up and say how y'all see women period because this includes the majority of women in yall lives that's not related to you. Especially since men demand pussy just from taking you out, selling you weed or even being nice to you. Niggas can't even be friends lol URL",1.09,0.82,0.2,0.34,0.91,0.63,-0.18777753641557232,false,false,false,false,false,false,false,false,false,false,false,false,false,false,false,false,false,false,false,false,false,false,false,false,true,false,false,false,false,true,false,true,false,false,false,false,false,false,false,false,false,false,false,false,false,false,false,false,false,false,false,false,false,female,no,college_grad_aa,50k-100k,conservative,false,true,false,false,false,false,true,false,false,false,false,true,false,false,false,false,false,false,true,false,false,false,true,false,false,false,false,false,false,false,false,false,false,false,false,true,false,34.0,false,false,true,false,false,false,false,false,false,false,false,true,false
26362,2689,2,2.0,2.0,1.0,1.0,2.0,1.0,0.0,0.0,2.0,0.0,-1.76,"okay but am i the only one who keep thinking that the tarzan song, ""you'll be in my heart"" by phil collins is such a gay rights themed song. URL",0.57,0.37,0.5,0.35,0.83,0.74,-0.976073596201403,false,false,false,false,false,false,false,false,false,false,false,false,false,false,false,false,false,false,false,false,false,false,false,false,false,false,false,false,false,false,false,false,false,true,false,false,false,true,false,false,false,false,false,false,false,false,false,false,false,false,false,false,false,female,no,college_grad_ba,10k-50k,slightly_liberal,false,true,false,false,false,false,true,false,false,false,false,false,true,false,false,false,false,true,false,false,false,false,false,false,false,true,false,false,false,true,false,false,false,false,false,true,false,23.0,false,false,true,false,false,false,false,false,false,false,false,true,false
5410,123,0,3.0,3.0,3.0,2.0,2.0,1.0,0.0,0.0,3.0,0.0,-0.83,Them - DON'T YOU DARE OBJECTIFY US!! â€‹ Also them - Gets publicly naked as much as fucking possible.,0.45,0.4,0.04,0.3,0.81,0.76,-0.6294148004508041,false,false,false,false,false,false,false,false,false,false,false,false,false,false,false,false,false,false,false,false,false,false,false,false,false,false,false,false,false,false,true,true,false,false,false,false,false,false,false,false,false,false,false,false,false,false,false,false,false,false,false,false,false,male,no,college_grad_ba,10k-50k,liberal,true,false,false,false,false,false,true,false,false,false,false,false,true,false,false,false,false,true,false,false,false,false,false,false,false,false,true,false,false,false,false,false,false,false,false,true,false,33.0,true,false,false,false,false,false,false,false,false,false,false,true,false
39276,44,2,4.0,4.0,4.0,4.0,4.0,4.0,1.0,1.0,2.0,2.0,1.28,@KeGutta These niggas straight bitches,0.89,0.75,-0.37,0.46,1.07,0.97,-0.12604157191665716,false,true,false,false,false,false,false,false,true,false,false,false,false,false,false,false,false,false,false,false,false,false,false,false,false,false,false,false,false,true,false,true,false,false,false,false,false,false,false,false,false,false,false,false,false,false,false,false,false,false,false,false,false,female,no,college_grad_ba,50k-100k,slightly_conservative,false,true,false,false,false,false,true,false,false,false,false,false,true,false,false,false,false,false,true,false,false,false,false,true,false,false,false,false,false,false,false,false,false,false,false,true,false,53.0,false,false,true,false,false,false,false,false,false,false,false,true,false
32811,3540,2,3.0,3.0,3.0,2.0,2.0,3.0,0.0,0.0,2.0,0.0,0.14,"Cold hoe that's a must, bitch body A plus, bitch pussy A1",1.22,1.05,0.46,0.42,0.71,0.6,-0.10561756252368107,false,false,false,false,false,false,false,false,false,false,false,false,false,false,false,false,false,false,false,false,false,false,false,false,false,false,false,false,false,true,false,true,false,false,false,false,false,false,false,false,false,false,false,false,false,false,false,false,false,false,false,false,false,male,no,masters,100k-200k,neutral,true,false,false,false,false,false,true,false,false,false,false,false,false,false,true,false,false,false,false,true,false,false,false,false,true,false,false,false,false,false,false,false,false,false,false,true,false,29.0,true,false,false,false,false,false,false,false,false,false,false,true,false
33729,3610,2,1.0,3.0,3.0,3.0,1.0,2.0,0.0,0.0,2.0,2.0,-2.36,Da real white thug,1.3,1.48,-0.09,0.36,0.76,0.73,-0.3835469763025315,false,true,false,false,false,false,true,false,true,false,false,false,false,false,false,false,false,false,false,false,false,false,false,false,false,false,false,false,false,false,false,false,false,false,false,false,false,false,false,false,false,false,false,false,false,false,false,false,false,false,false,false,false,female,no,college_grad_ba,10k-50k,liberal,false,true,false,false,false,false,true,false,false,false,false,false,true,false,false,false,false,true,false,false,false,false,false,false,false,false,true,false,false,false,false,false,false,false,false,true,false,36.0,false,false,false,false,false,false,false,false,true,false,false,true,false
47480,8856,3,4.0,4.0,2.0,3.0,2.0,2.0,0.0,0.0,2.0,0.0,-0.11,Deport AOC and friends to mexico! Tell them if they want to help the problem to start there! Problem solved for all!,0.65,0.56,-0.12,0.29,1.84,3.12,-0.21061154263441892,false,false,false,false,false,false,false,false,false,false,false,false,false,false,false,false,false,false,false,false,false,true,false,true,false,false,false,false,false,false,false,false,false,false,false,false,false,false,false,false,false,false,false,false,false,false,false,false,false,false,false,false,false,female,no,some_college,50k-100k,neutral,false,true,false,false,false,false,true,false,false,false,true,false,false,false,false,false,false,false,true,false,false,false,false,false,true,false,false,false,false,false,false,false,false,false,false,true,false,62.0,false,false,false,false,false,false,false,true,false,false,false,true,false
10694,8325,0,0.0,0.0,0.0,0.0,2.0,0.0,0.0,0.0,0.0,0.0,-5.59,"You are an amazing dad! Don't forget that girls can have crush's on other girls too. My mom always asked me is I like anyone rather than any boys and would always talk about ""when you bring home a boyfriend or girlfriend"" which got old once it became clear I was straight but was still the right approach.",0.72,0.19,-0.3,0.71,0.74,6.58,-1.184580323027426,false,false,false,false,false,false,false,false,false,false,false,false,false,false,false,false,false,false,false,false,false,false,false,false,false,false,false,false,false,false,false,false,false,true,false,false,false,true,false,false,false,false,false,false,false,false,false,false,false,false,false,false,false,female,no,college_grad_ba,10k-50k,liberal,false,true,false,false,false,false,true,false,false,false,false,false,true,false,false,false,false,true,false,false,false,false,false,false,false,false,true,false,false,false,false,false,false,false,false,true,false,39.0,false,false,true,false,false,false,false,false,false,false,false,true,false
1031,5754,0,2.0,2.0,1.0,2.0,2.0,2.0,0.0,0.0,2.0,0.0,-2.78,I'd suck that cock dry and then fill all your holes with cum ðŸ˜‰,0.14,0.09,0.15,0.65,0.79,0.87,0.3113801225603943,false,false,false,false,false,false,false,false,false,false,false,false,false,false,false,false,false,false,false,false,false,false,false,false,false,false,false,false,false,false,false,false,false,true,false,false,false,true,false,false,false,false,false,false,false,false,false,false,false,false,false,false,false,male,no,college_grad_aa,50k-100k,liberal,true,false,false,false,false,false,true,false,false,false,false,true,false,false,false,false,false,false,true,false,false,false,false,false,false,false,true,false,false,false,false,true,false,false,false,true,false,26.0,false,true,false,false,false,false,false,false,false,true,false,false,false
48834,8072,3,3.0,3.0,3.0,2.0,2.0,2.0,1.0,0.0,1.0,0.0,-1.99,@LT Wilson I think you are a joke for assuming and being so negative and prudish. She clearly hasn't slept with everyone and bullies like you ridiculous.,1.05,0.66,-0.23,0.6,1.22,1.26,-0.3190457174526713,false,false,false,false,false,false,false,false,false,false,false,false,false,false,false,false,false,false,false,false,false,false,false,false,false,false,false,false,false,true,false,true,false,false,true,true,false,true,false,false,false,false,false,false,false,false,false,false,false,false,false,false,false,male,no,masters,100k-200k,extremely_liberal,true,false,false,false,false,false,true,false,false,false,false,false,false,false,true,false,false,false,false,true,false,false,false,false,false,false,false,false,false,false,false,false,false,false,false,true,false,25.0,false,false,false,false,false,false,false,false,true,false,false,true,false
43341,5860,3,4.0,4.0,4.0,3.0,3.0,1.0,1.0,0.0,3.0,2.0,1.02,"Dwight Howard is a undercover Faggot, this guy was caught on camera fondling Isiah Canaan penis when you were playing for the Rockets. Dwight's career is over because he's softer than marmalade and he couldn't shoot a beach ball into a ocean.",0.52,0.49,0.28,0.32,0.77,0.51,0.2029708465734072,false,false,false,false,false,false,false,false,false,false,false,false,false,false,false,false,false,false,false,false,false,false,false,false,false,false,false,false,false,false,false,false,false,true,false,false,false,true,false,false,false,false,false,false,false,false,false,false,false,false,false,false,false,female,no,some_college,10k-50k,extremely_liberal,false,true,false,false,false,false,true,false,false,false,true,false,false,false,false,false,false,true,false,false,false,false,false,false,false,false,false,false,false,false,false,false,false,false,false,true,false,33.0,true,false,false,false,false,false,false,false,false,false,false,true,false
47870,227,3,4.0,3.0,3.0,2.0,2.0,0.0,0.0,0.0,2.0,0.0,-0.16,At this point joe is a retard that cares about transgender playing sports. Sad to see,0.58,0.43,0.89,0.59,0.86,0.66,-0.16592533222877218,false,false,false,false,false,false,false,false,false,false,false,false,false,false,false,false,false,false,false,false,false,false,false,false,false,false,false,true,false,false,false,true,false,false,false,false,false,false,false,false,false,false,false,false,false,false,false,false,false,false,false,false,false,male,no,college_grad_aa,10k-50k,slightly_liberal,true,false,false,false,false,false,true,false,false,false,false,true,false,false,false,false,false,true,false,false,false,false,false,false,false,true,false,false,false,true,false,false,false,false,false,false,false,31.0,true,false,false,false,false,false,false,false,false,false,false,true,false
49895,9488,3,0.0,1.0,1.0,1.0,1.0,0.0,0.0,0.0,2.0,0.0,-4.0,Hero Rohit Sharma love From PakistanðŸ˜ðŸ˜,1.07,0.54,-0.7,0.48,1.28,1.35,-1.2805829913364115,false,false,false,false,false,false,false,false,false,false,false,false,false,false,false,false,false,false,false,false,true,false,false,true,false,false,false,false,false,false,false,false,false,false,false,false,false,false,false,false,false,false,false,false,false,false,false,false,false,false,false,false,false,female,no,high_school_grad,50k-100k,neutral,false,true,false,false,false,false,true,false,false,true,false,false,false,false,false,false,false,false,true,false,false,false,false,false,true,false,false,false,false,false,false,false,false,false,false,true,false,71.0,false,false,false,false,false,false,false,false,true,false,false,true,false
37291,8201,2,4.0,4.0,3.0,4.0,3.0,1.0,0.0,2.0,3.0,2.0,-0.15,stupid ugly ass cracker is somehow going to avoid getting the death penalty,0.81,0.73,-0.15,0.34,0.99,1.02,0.4682818752637887,false,false,false,false,false,false,true,false,true,false,false,false,false,false,false,false,false,false,false,false,false,false,false,false,false,false,false,false,false,false,false,false,false,false,false,false,false,false,false,false,false,false,false,false,false,false,false,false,false,false,false,false,false,female,no,masters,50k-100k,liberal,false,true,false,false,false,false,true,false,false,false,false,false,false,false,true,false,false,false,true,false,false,false,false,false,false,false,true,false,false,false,false,false,false,false,false,true,false,39.0,false,false,false,false,false,false,false,false,true,false,false,true,false
11121,2218,0,2.0,3.0,3.0,3.0,2.0,2.0,1.0,0.0,3.0,1.0,-1.67,"They wanna fuck so bad, just do it already, nobody cares if you're gay.",0.57,0.54,-0.58,0.3,0.95,0.96,-0.2592322665645374,false,false,false,false,false,false,false,false,false,false,false,false,false,false,false,false,false,false,false,false,false,false,false,false,false,false,false,false,false,false,false,false,true,true,true,false,false,true,false,false,false,false,false,false,false,false,false,false,false,false,false,false,false,female,no,high_school_grad,10k-50k,liberal,false,true,false,false,false,false,true,false,false,true,false,false,false,false,false,false,false,true,false,false,false,false,false,false,false,false,true,false,false,false,false,false,false,false,false,true,false,26.0,false,false,false,false,false,false,false,true,false,false,true,false,false
38307,8115,2,3.0,4.0,3.0,2.0,3.0,3.0,0.0,0.0,3.0,2.0,-0.31,Niggas shone fr i bought ah nigga ah sub from da corner sto... too easy,1.54,1.33,-0.09,0.3,0.8,0.64,-0.3689953159853139,false,true,false,false,false,false,false,false,true,false,false,false,false,false,false,false,false,false,false,false,false,false,false,false,false,false,false,false,false,false,false,false,false,false,false,false,false,false,false,false,false,false,false,false,false,false,false,false,false,false,false,false,false,male,no,some_college,10k-50k,neutral,true,false,false,false,false,false,true,false,false,false,true,false,false,false,false,false,false,true,false,false,false,false,false,false,true,false,false,false,false,false,false,false,false,false,false,true,false,49.0,true,false,false,false,false,false,false,false,false,false,false,true,false
19352,9715,0,1.0,0.0,0.0,0.0,2.0,0.0,0.0,0.0,2.0,0.0,-4.67,As a slightly feminine top I appreciate all masc bottoms that enjoy a dude like me,0.55,0.24,-0.49,0.48,0.96,0.65,-1.1139242181837523,false,false,false,false,false,false,false,false,false,false,false,false,false,false,false,false,false,false,false,false,false,false,false,false,false,false,false,false,false,false,false,false,false,true,false,false,false,true,false,false,false,false,false,false,false,false,false,false,false,false,false,false,false,male,no,some_college,<10k,liberal,true,false,false,false,false,false,true,false,false,false,true,false,false,false,false,false,true,false,false,false,false,false,false,false,false,false,true,false,false,false,false,false,false,false,false,true,false,49.0,false,false,false,false,false,false,false,true,false,false,false,true,false
24301,2593,2,2.0,1.0,0.0,0.0,2.0,0.0,0.0,0.0,2.0,0.0,-4.42,"#à¤œà¥€à¤µà¤¨_à¤†à¤¶à¤¾_à¤®à¥à¤¹à¤¿à¤® Even today a young widow has to face social stigma. Wearing white clothes, facing boycott, etc. are common problems. To fight this social evil, initiative to promote widow marriages has been launched by Saint Dr. Gurmeet Ram Rahim Singh Ji Insan @Gurmeetramrahim",0.9,0.33,-0.85,0.4,1.04,1.21,-1.1542178608538147,false,false,false,false,false,false,false,false,false,false,false,false,false,false,false,false,false,false,false,false,false,false,false,false,false,false,false,false,false,true,false,true,false,false,false,false,false,false,false,false,false,false,false,false,false,false,false,false,false,false,false,false,false,female,no,college_grad_aa,100k-200k,conservative,false,true,false,false,false,false,true,false,false,false,false,true,false,false,false,false,false,false,false,true,false,false,true,false,false,false,false,false,false,false,false,false,false,false,false,true,false,53.0,false,false,true,false,false,false,false,false,false,false,false,true,false
23452,4616,2,4.0,2.0,1.0,3.0,1.0,3.0,0.0,1.0,1.0,2.0,-3.24,"Gays, it's June. Be gay, do crimes, shoot your shot, seize the means, be flamboyant and joyous and freaky, punch a nazi in the face, tell your friends you love them, run a bath, don't be sorry, our desire is our power.",1.72,3.1,-0.91,0.45,1.08,1.05,-0.3397795894131903,false,false,false,false,false,false,false,false,false,false,false,false,false,false,false,false,false,false,false,false,false,false,false,false,false,false,false,false,false,false,false,false,false,true,true,false,false,true,false,false,false,false,false,false,false,false,false,false,false,false,false,false,false,female,no,some_college,100k-200k,conservative,false,true,false,false,false,false,true,false,false,false,true,false,false,false,false,false,false,false,false,true,false,false,true,false,false,false,false,false,false,false,false,false,false,false,false,true,false,42.0,false,false,false,false,false,false,false,true,false,false,false,true,false
886,9886,0,3.0,3.0,3.0,3.0,2.0,0.0,1.0,0.0,3.0,2.0,-0.78,white people are fucking crazy,0.49,0.66,-0.48,0.34,1.31,1.19,-0.2448931558351965,false,false,false,false,false,false,true,false,true,false,false,false,false,false,false,false,false,false,false,false,false,false,false,false,false,false,false,false,false,false,false,false,false,false,false,false,false,false,false,false,false,false,false,false,false,false,false,false,false,false,false,false,false,female,no,high_school_grad,10k-50k,no_opinion,false,true,false,false,false,false,true,false,false,true,false,false,false,false,false,false,false,true,false,false,false,false,false,false,false,false,false,false,true,false,false,false,false,false,false,true,false,20.0,false,false,false,false,false,false,false,true,false,false,false,true,false
32374,5521,2,4.0,3.0,2.0,2.0,3.0,2.0,1.0,1.0,3.0,0.0,0.03,I say abolish muslims and illegals out of this country,0.75,0.66,0.27,0.3,0.82,0.84,0.16139884270880214,false,false,false,false,false,false,false,false,false,false,false,false,false,false,false,true,false,true,false,false,false,true,false,true,false,false,false,false,false,false,false,false,false,false,false,false,false,false,false,false,false,false,false,false,false,false,false,false,false,false,false,false,false,female,no,some_college,10k-50k,neutral,false,true,false,false,false,false,true,false,false,false,true,false,false,false,false,false,false,true,false,false,false,false,false,false,true,false,false,false,false,false,false,false,false,false,false,true,false,33.0,true,false,false,false,false,false,false,false,false,false,false,false,true
25790,7477,2,4.0,4.0,3.0,3.0,4.0,2.0,4.0,4.0,4.0,2.0,2.43,@odysseuslahori @IqShoaib Hang till death all religious pimps !!,1.42,1.22,0.41,0.5,1.01,1.07,0.2561421908956335,false,false,false,false,false,false,false,false,false,false,false,false,false,false,false,false,true,true,false,false,false,false,false,false,false,false,false,false,false,false,false,false,false,false,false,false,false,false,false,false,false,false,false,false,false,false,false,false,false,false,false,false,false,female,no,college_grad_ba,50k-100k,liberal,false,true,false,false,false,false,true,false,false,false,false,false,true,false,false,false,false,false,true,false,false,false,false,false,false,false,true,false,false,false,false,false,false,false,false,true,false,30.0,false,false,true,false,false,false,false,false,false,false,false,true,false
5611,6998,0,3.0,2.0,2.0,2.0,2.0,2.0,1.0,1.0,2.0,0.0,-2.22,Well this explains all the Muslim people I saw gathering in a field this morning.,0.33,0.17,-0.16,0.36,1.17,1.06,-0.28364549035731595,false,false,false,false,false,false,false,false,false,false,false,false,false,false,false,true,false,true,false,false,false,false,false,false,false,false,false,false,false,false,false,false,false,false,false,false,false,false,false,false,false,false,false,false,false,false,false,false,false,false,false,false,false,female,no,masters,50k-100k,extremely_liberal,false,true,false,false,false,false,true,false,false,false,false,false,false,false,true,false,false,false,true,false,false,false,false,false,false,false,false,false,false,false,false,false,false,false,false,true,false,39.0,false,false,true,false,false,false,false,false,false,false,false,true,false
44643,8824,3,4.0,4.0,4.0,3.0,2.0,3.0,4.0,3.0,4.0,2.0,1.48,Saudi should attack Iran and see what happens to these barbaric cowards! America should stay out of the fight.,1.29,1.5,0.05,0.4,1.29,1.75,0.5885969852506667,false,false,false,false,false,false,false,false,false,false,false,false,false,false,false,false,false,false,true,true,true,false,false,true,false,false,false,false,false,false,false,false,false,false,false,false,false,false,false,false,false,false,false,false,false,false,false,false,false,false,false,false,false,female,no,college_grad_aa,50k-100k,extremely_conservative,false,true,false,false,false,false,true,false,false,false,false,true,false,false,false,false,false,false,true,false,false,true,false,false,false,false,false,false,false,false,false,false,false,false,false,true,false,36.0,false,false,true,false,false,false,false,false,false,false,false,true,false
31537,6314,2,4.0,4.0,3.0,2.0,3.0,3.0,0.0,0.0,4.0,0.0,0.23,"@4248 This is the influence of ""godly people"" that you're bragging about? It would seem to me that racists, demagogues, homophobes, transphobes, serial killers, bigots and misogynistic pieces of shit hide behind ""muh religion"" to preach their hatred or anyone not a straight white male? URL",0.74,0.65,-0.37,0.3,0.91,0.51,-0.2431196179758389,false,false,false,false,false,false,false,false,false,false,false,true,false,false,false,false,false,true,false,false,false,false,false,false,false,false,false,false,false,false,false,false,false,false,false,false,false,false,false,false,false,false,false,false,false,false,false,false,false,false,false,false,false,female,no,some_college,50k-100k,extremely_liberal,false,true,false,false,false,false,true,false,false,false,true,false,false,false,false,false,false,false,true,false,false,false,false,false,false,false,false,false,false,false,false,false,false,false,false,true,false,34.0,true,false,false,false,false,false,false,false,false,false,false,true,false
11238,8609,0,4.0,4.0,3.0,3.0,3.0,3.0,3.0,2.0,3.0,2.0,0.23,get the fuck out of my country before i bash you beta cunt.,0.62,0.64,-1.16,0.45,0.78,0.97,0.4393808454858911,false,false,false,false,false,false,false,false,false,false,false,false,false,false,false,false,false,false,false,false,true,false,false,true,false,false,false,false,false,true,false,true,false,false,false,false,true,true,false,false,false,false,false,false,false,false,false,false,false,false,false,false,false,male,no,masters,50k-100k,conservative,true,false,false,false,false,false,true,false,false,false,false,false,false,false,true,false,false,false,true,false,false,false,true,false,false,false,false,false,false,false,false,false,false,false,false,true,false,69.0,false,false,true,false,false,false,false,false,false,false,false,true,false
19943,1532,0,3.0,2.0,2.0,2.0,2.0,0.0,0.0,0.0,2.0,0.0,-2.02,"Are you attractive? Do you have a strong frame? Go game all of them and fuck the one who takes the most interest. Be attractive, not unattractive and you literally can't go wrong.",0.16,0.11,0.11,0.62,0.92,0.84,-0.6035470321057324,false,false,false,false,false,false,false,false,false,false,false,false,false,false,false,false,false,false,false,false,false,false,false,false,true,true,true,false,true,true,false,true,false,false,false,false,false,false,false,false,false,false,false,false,false,false,false,false,false,false,false,false,false,female,no,college_grad_ba,10k-50k,liberal,false,true,false,false,false,false,true,false,false,false,false,false,true,false,false,false,false,true,false,false,false,false,false,false,false,false,true,false,false,true,false,false,false,false,false,false,false,24.0,true,false,false,false,false,false,false,false,false,false,false,true,false
20844,1782,2,3.0,4.0,3.0,3.0,2.0,2.0,3.0,0.0,2.0,1.0,0.38,Fuck Yeah ! Filthy Fuck'n Dirty Cock Cleanin' Sweat Fuck'n Drippin' Total Fuck'n Bottom Slut Christian Gettin' Gang Fuck'n Bred Hard and Fuck'n Rough for Balls Deep Fuck'n Loads of Filthy Fuck'n Dirty Cum Floodin' His Greedy Slutted Out Fuck'n Cunt (T.I.M)(Final Part) ðŸ‘ URL,1.05,1.25,0.19,0.36,0.73,0.68,0.2263971250349335,false,false,false,false,false,false,false,false,false,false,false,true,false,false,false,false,false,true,false,false,false,false,false,false,false,false,false,false,false,true,false,true,false,false,false,false,false,false,false,false,false,false,false,false,false,false,false,false,false,false,false,false,false,male,no,some_college,100k-200k,conservative,true,false,false,false,false,false,true,false,false,false,true,false,false,false,false,false,false,false,false,true,false,false,true,false,false,false,false,false,false,false,false,false,false,false,false,true,false,44.0,false,false,true,false,false,false,false,false,false,false,false,true,false
39016,10060,2,4.0,4.0,4.0,4.0,4.0,2.0,1.0,1.0,4.0,2.0,2.32,Niggers are ruining this country,0.65,0.57,0.09,0.56,0.77,0.59,0.5064086278589035,false,true,false,false,false,false,false,false,true,false,false,false,false,false,false,false,false,false,false,false,false,false,false,false,false,false,false,false,false,false,false,false,false,false,false,false,false,false,false,false,false,false,false,false,false,false,false,false,false,false,false,false,false,female,no,some_college,50k-100k,liberal,false,true,false,false,false,false,true,false,false,false,true,false,false,false,false,false,false,false,true,false,false,false,false,false,false,false,true,false,false,false,false,false,false,false,false,true,false,54.0,false,false,true,false,false,false,false,false,false,false,false,true,false
42490,3123,3,2.0,2.0,2.0,2.0,2.0,2.0,0.0,0.0,2.0,0.0,-2.58,Edeline Chouloute Meghan mom is black her dad is white Meghan is mixed,0.38,0.21,0.6,0.37,1.27,1.48,-0.9693551505849021,false,true,false,false,false,false,true,false,true,false,false,false,false,false,false,false,false,false,false,false,false,false,false,false,false,false,false,false,false,false,false,false,false,false,false,false,false,false,false,false,false,false,false,false,false,false,false,false,false,false,false,false,false,male,no,college_grad_ba,50k-100k,extremely_liberal,true,false,false,false,false,false,true,false,false,false,false,false,true,false,false,false,false,false,true,false,false,false,false,false,false,false,false,false,false,false,false,false,false,false,false,true,false,41.0,true,false,false,false,false,false,false,false,false,false,false,true,false
1402,4901,0,2.0,0.0,0.0,0.0,0.0,0.0,0.0,0.0,2.0,0.0,-3.29,"I mean I agree with you, but focusing on Islam only instead of religion in general is like punishing 1 of your 2 kids for doing the same. Oppressive religion should be your focus, not oppressive Islam",1.1,0.38,0.38,0.34,1.44,1.91,-0.5686665342058242,false,false,false,true,false,false,false,false,true,false,false,false,false,false,false,false,true,true,false,false,false,false,false,false,false,false,false,false,false,false,false,false,false,false,false,false,false,false,false,false,false,false,false,false,false,false,false,false,false,false,false,false,false,female,no,high_school_grad,10k-50k,extremely_conservative,false,true,false,false,false,false,true,false,false,true,false,false,false,false,false,false,false,true,false,false,false,true,false,false,false,false,false,false,false,false,false,false,false,true,false,true,false,36.0,false,false,true,false,false,false,false,false,false,false,false,true,false
41581,2996,3,4.0,4.0,4.0,3.0,2.0,1.0,1.0,0.0,4.0,2.0,0.1,fuck white people,0.97,0.84,-0.09,0.35,1.25,1.36,0.17111196000834508,false,false,false,false,false,false,true,false,true,false,false,false,false,false,false,false,false,false,false,false,false,false,false,false,false,false,false,false,false,false,false,false,false,false,false,false,false,false,false,false,false,false,false,false,false,false,false,false,false,false,false,false,false,female,no,college_grad_ba,10k-50k,slightly_liberal,false,true,false,false,false,false,true,false,false,false,false,false,true,false,false,false,false,true,false,false,false,false,false,false,false,true,false,false,false,false,true,false,false,false,false,false,false,24.0,false,false,false,false,false,false,false,true,false,false,false,true,false
48081,2980,3,4.0,3.0,3.0,3.0,3.0,3.0,1.0,1.0,4.0,0.0,0.2,Americans forgot get that they are the invaders! This wasn't they're land ! You guys took it by raping and murdering innocent people !,1.08,0.88,-0.89,0.31,1.33,1.11,0.06188939960806567,false,false,false,false,false,false,false,false,false,false,false,false,false,false,false,false,false,false,false,false,true,false,false,true,false,false,false,false,false,false,false,false,false,false,false,false,false,false,false,false,false,false,false,false,false,false,false,false,false,false,false,false,false,female,no,college_grad_ba,10k-50k,liberal,false,true,false,false,false,false,true,false,false,false,false,false,true,false,false,false,false,true,false,false,false,false,false,false,false,false,true,false,false,true,false,false,false,false,false,false,false,45.0,false,false,false,false,false,false,true,false,false,false,false,true,false
12449,2893,0,4.0,4.0,4.0,4.0,4.0,4.0,2.0,0.0,4.0,2.0,0.43,Fuck all the bitch niggas,0.62,0.52,-0.75,0.36,1.19,0.65,0.27618942692491083,false,true,false,false,false,false,false,false,true,false,false,false,false,false,false,false,false,false,false,false,false,false,false,false,false,false,false,false,false,true,false,true,false,false,false,false,false,false,false,false,false,false,false,false,false,false,false,false,false,false,false,false,false,male,no,high_school_grad,10k-50k,neutral,true,false,false,false,false,false,true,false,false,true,false,false,false,false,false,false,false,true,false,false,false,false,false,false,true,false,false,false,false,false,false,false,false,false,false,true,false,56.0,true,false,false,false,false,false,false,false,false,false,false,true,false
46066,2914,3,3.0,3.0,1.0,1.0,3.0,1.0,1.0,1.0,2.0,0.0,-0.6,I'm gonna take that dick put it in my hole I'm gonna ride till I can't no more I got that dick inside my ass condom on the grass eat that fucking bass while I'm smacking my own ass riding on that dick it just made me shit I came out the closet now I really need shit,1.57,1.14,-0.02,0.42,0.81,0.65,0.1370648519971689,false,false,false,false,false,false,false,false,false,false,false,false,false,false,false,false,false,false,false,false,false,false,false,false,false,false,false,false,false,false,false,false,false,false,false,true,false,true,false,false,false,false,false,false,false,false,false,false,false,false,false,false,false,male,no,college_grad_ba,50k-100k,liberal,true,false,false,false,false,false,true,false,false,false,false,false,true,false,false,false,false,false,true,false,false,false,false,false,false,false,true,false,false,true,false,false,false,false,false,false,false,31.0,false,true,false,false,false,false,false,false,false,false,false,true,false
37829,4339,2,3.0,2.0,1.0,0.0,2.0,0.0,0.0,0.0,1.0,0.0,-4.46,"Dear Lord, looking around this Sunday afternoon and it seems like the world is letting these vile terrorists murderers of our fellow Americans win. Their actions have just incited more hate. We pray to not let them win. Do not let the devil win. Please Lord help us LOVE one URL",2.39,0.76,-0.16,0.5,1.07,0.86,0.1050479819357746,false,false,false,false,false,false,false,false,false,false,false,false,false,false,false,false,true,true,false,false,false,false,false,false,false,false,false,false,false,false,false,false,false,false,false,false,false,false,false,false,false,false,false,false,false,false,false,false,false,false,false,false,false,male,no,college_grad_ba,50k-100k,neutral,true,false,false,false,false,false,true,false,false,false,false,false,true,false,false,false,false,false,true,false,false,false,false,false,true,false,false,false,false,false,false,false,false,false,false,true,false,38.0,false,false,true,false,false,false,false,false,false,false,false,true,false
1192,10352,0,4.0,4.0,4.0,4.0,4.0,3.0,0.0,0.0,3.0,2.0,-0.4,Please send us a video of you fucking a dildo or your daddy... But I also love to see a pussy drooling bad,0.92,0.73,-1.04,0.42,0.99,1.1,0.27735025007688874,false,false,false,false,false,false,false,false,false,false,false,false,false,false,false,false,false,false,false,false,false,false,false,false,false,false,false,false,false,true,false,true,false,false,false,false,false,false,false,false,false,false,false,false,false,false,false,false,false,false,false,false,false,female,no,some_college,50k-100k,liberal,false,true,false,false,false,false,true,false,false,false,true,false,false,false,false,false,false,false,true,false,false,false,false,false,false,false,true,false,false,false,false,false,false,false,false,true,false,33.0,false,false,false,false,false,false,false,true,false,false,false,true,false
44768,3590,3,4.0,4.0,3.0,3.0,2.0,0.0,0.0,0.0,3.0,0.0,0.37,This black retarded ðŸ¤¡ always tryna diss the rockets.. who is blood tho???? Never ever heard of cuz stats,0.84,0.75,0.01,0.31,0.93,0.72,-0.2399148174655765,false,true,false,false,false,false,false,false,true,false,false,false,false,false,false,false,false,false,false,false,false,false,false,false,false,false,false,false,false,false,false,false,false,false,false,false,false,false,false,false,false,false,false,false,false,false,false,false,false,false,true,false,true,male,no,college_grad_ba,50k-100k,neutral,true,false,false,false,false,false,true,false,false,false,false,false,true,false,false,false,false,false,true,false,false,false,false,false,true,false,false,false,false,false,false,false,false,false,false,true,false,42.0,false,false,true,false,false,false,false,false,false,false,false,true,false
33748,4146,2,3.0,2.0,1.0,1.0,2.0,1.0,0.0,0.0,1.0,0.0,-2.61,Counterpoint: almost no one is actually afraid of being labelled as transphobic. Transphobia is an incredibly common prejudice which carries little to no consequences - which is how this article and headline got published in first place URL,0.5,0.28,0.06,0.45,1.16,1.97,-0.9066023890036324,false,false,false,false,false,false,false,false,false,false,false,false,false,false,false,false,false,false,false,false,false,false,false,false,false,false,false,true,false,false,false,true,false,false,false,false,false,false,false,false,false,false,false,false,false,false,false,false,false,false,false,false,false,male,no,college_grad_aa,10k-50k,slightly_conservative,true,false,false,false,false,false,true,false,false,false,false,true,false,false,false,false,false,true,false,false,false,false,false,true,false,false,false,false,false,false,false,false,false,false,false,true,false,45.0,true,false,false,false,false,false,false,false,false,false,false,true,false
13741,3624,0,3.0,4.0,4.0,3.0,3.0,0.0,0.0,0.0,2.0,0.0,-0.92,It's hard to find her attractive when she lacks basic intelligence,1.9,1.26,0.44,0.34,1.05,0.66,-0.15331859747299578,false,false,false,false,false,false,false,false,false,false,false,false,false,false,false,false,false,false,false,false,false,false,false,false,false,false,false,false,false,true,false,true,false,false,false,false,false,false,false,false,false,false,false,false,false,false,false,false,false,false,false,false,false,female,no,some_college,10k-50k,slightly_liberal,false,true,false,false,false,false,true,false,false,false,true,false,false,false,false,false,false,true,false,false,false,false,false,false,false,true,false,false,false,false,false,false,false,false,false,true,false,34.0,false,false,false,false,false,false,false,true,false,false,false,true,false
25323,2637,2,3.0,3.0,3.0,2.0,2.0,1.0,0.0,0.0,3.0,0.0,-0.14,"@thedailybeast All the brits still have Ass hurt from the spanking we gave them a couple hundred years ago. In fact, if their food and weather weren't absolute shit we would have already colonized them. America is the ONLY reason you twats never lived under a hammer and sickle flag.",0.46,0.39,0.18,0.34,1.04,1.49,0.2953279884516071,false,false,false,false,false,false,false,false,false,false,false,false,false,false,false,false,false,false,false,false,true,false,false,true,false,false,false,false,false,false,false,false,false,false,false,false,false,false,false,false,false,false,false,false,false,false,false,false,false,false,false,false,false,female,no,high_school_grad,10k-50k,no_opinion,false,true,false,false,false,false,true,false,false,true,false,false,false,false,false,false,false,true,false,false,false,false,false,false,false,false,false,false,true,false,false,false,false,false,false,true,false,48.0,false,false,false,false,false,false,false,false,true,false,false,true,false
6831,2577,0,4.0,4.0,4.0,4.0,4.0,3.0,4.0,3.0,4.0,0.0,2.43,Islam needs to be fucking destroyed.,1.43,1.37,-1.03,0.5,0.87,0.8,0.7486756305256203,false,false,false,false,false,false,false,false,false,false,false,false,false,false,false,true,false,true,false,false,false,false,false,false,false,false,false,false,false,false,false,false,false,false,false,false,false,false,false,false,false,false,false,false,false,false,false,false,false,false,false,false,false,female,no,masters,100k-200k,extremely_liberal,false,true,false,false,false,false,true,false,false,false,false,false,false,false,true,false,false,false,false,true,false,false,false,false,false,false,false,false,false,false,false,false,false,false,false,true,false,43.0,true,false,false,false,false,false,false,false,false,false,false,true,false
43075,2251,3,3.0,3.0,3.0,3.0,3.0,3.0,3.0,2.0,4.0,1.0,0.94,"Are you people actually believing this propaganda..... These ratchet women haven't done a thing , except spew hate and rhetoric....they are gonna get Saddamed...",1.1,1.11,-0.42,0.39,1.16,1.48,-0.17577449731408987,false,false,false,false,false,false,false,false,false,false,false,false,false,false,false,false,false,false,false,false,false,false,false,false,false,false,true,false,false,true,false,true,false,false,false,false,false,false,false,false,false,false,false,false,false,false,false,false,false,false,false,false,false,male,no,college_grad_ba,100k-200k,neutral,true,false,false,false,false,false,true,false,false,false,false,false,true,false,false,false,false,false,false,true,false,false,false,false,true,false,false,false,false,true,false,false,false,false,false,true,false,22.0,false,false,true,false,false,false,false,false,false,false,false,true,false
48594,5266,3,0.0,0.0,0.0,0.0,1.0,0.0,0.0,0.0,0.0,0.0,-3.22,@Ali Delon Love Turkey and brave Turks from Indian Muslim! In Shaa Allah we will rise again!,2.36,1.39,-0.03,0.34,1.87,1.14,-0.9748525244120416,false,false,false,false,false,false,false,false,false,false,false,false,false,false,false,true,false,true,false,false,true,false,false,true,false,false,false,false,false,false,false,false,false,false,false,false,false,false,false,false,false,false,false,false,false,false,false,false,false,false,false,false,false,female,no,college_grad_ba,10k-50k,conservative,false,true,false,false,false,false,true,false,false,false,false,false,true,false,false,false,false,true,false,false,false,false,true,false,false,false,false,false,false,false,false,false,false,false,false,true,false,60.0,false,false,true,false,false,false,false,false,false,false,false,true,false
16311,9140,0,4.0,4.0,4.0,3.0,3.0,1.0,0.0,0.0,3.0,0.0,0.22,Disregard all the science that says there are only two genders; looks like you're just fucked in the head.,0.68,0.57,0.36,0.35,0.72,0.5,0.01486974656931556,false,false,false,false,false,false,false,false,false,false,false,false,false,false,false,false,false,false,false,false,false,false,false,false,false,true,true,true,true,false,false,true,false,false,false,false,false,false,false,false,false,false,false,false,false,false,false,false,false,false,false,false,false,male,no,college_grad_ba,10k-50k,slightly_liberal,true,false,false,false,false,false,true,false,false,false,false,false,true,false,false,false,false,true,false,false,false,false,false,false,false,true,false,false,false,false,false,false,false,false,false,true,false,40.0,true,false,false,false,false,false,false,false,false,false,false,true,false
48957,4800,3,3.0,3.0,2.0,2.0,2.0,0.0,0.0,0.0,3.0,0.0,-0.45,Corrected Headline: Local losers defy federal law and proudly put illegal aliens ahead of American citizens and legal residents.,0.54,0.58,0.34,0.29,0.74,0.78,-0.3179740798537655,false,false,true,false,false,false,false,false,true,false,false,false,false,false,false,false,false,false,false,false,false,false,false,false,false,false,false,false,false,false,false,false,false,false,false,false,false,false,false,false,false,false,false,false,false,false,false,false,false,false,false,false,false,male,no,college_grad_ba,100k-200k,conservative,true,false,false,false,false,false,true,false,false,false,false,false,true,false,false,false,false,false,false,true,false,false,true,false,false,false,false,false,false,true,false,false,false,false,false,false,false,39.0,false,false,true,false,false,false,false,false,false,false,false,true,false
38719,4632,2,4.0,4.0,4.0,4.0,4.0,4.0,4.0,0.0,4.0,2.0,1.97,"Careful what you wish for, you always wanted to feel a huge cock up your hole bitch so now fucking take it, cry all you want that ain't gonna stop this bull from raping your boipussy apart he'll only stop when he is done & shoots his huge load deep inside. URL",0.85,0.73,-0.3,0.41,1.15,0.82,0.3029390739433836,false,false,false,false,false,false,false,false,false,false,false,false,false,false,false,false,false,false,false,false,false,false,false,false,false,false,false,false,false,false,false,false,false,false,true,false,false,true,false,false,false,false,false,false,false,false,false,false,false,false,false,false,false,male,no,some_college,10k-50k,extremely_liberal,true,false,false,false,false,false,true,false,false,false,true,false,false,false,false,false,false,true,false,false,false,false,false,false,false,false,false,false,false,false,false,false,false,false,false,true,false,58.0,true,false,false,false,false,false,false,false,false,false,true,false,false
17090,3691,0,2.0,2.0,0.0,0.0,2.0,0.0,0.0,0.0,2.0,0.0,-3.03,Because it's the Word of God maybe? Just spitballin,0.12,0.08,-0.04,0.45,1.05,0.84,-0.6659390712933195,false,false,false,false,false,false,false,false,false,false,false,true,false,true,true,false,false,true,false,false,false,false,false,false,false,false,false,false,false,false,false,false,false,false,false,false,false,false,false,false,false,false,false,false,false,false,false,false,false,false,false,false,false,female,no,college_grad_ba,10k-50k,slightly_conservative,false,true,false,false,false,false,true,false,false,false,false,false,true,false,false,false,false,true,false,false,false,false,false,true,false,false,false,false,false,false,false,false,false,false,false,true,false,60.0,false,false,true,false,false,false,false,false,false,false,false,true,false
5391,10716,0,0.0,0.0,0.0,1.0,2.0,0.0,0.0,0.0,2.0,0.0,-4.5,God Bless From a Trinidadian Muslim!,0.88,0.56,0.29,0.56,0.84,0.91,-1.010798224731581,false,false,false,false,false,false,false,false,false,false,false,false,false,false,false,true,false,true,false,false,true,false,false,true,false,false,false,false,false,false,false,false,false,false,false,false,false,false,false,false,false,false,false,false,false,false,false,false,false,false,false,false,false,female,no,college_grad_ba,50k-100k,slightly_liberal,false,true,false,false,false,false,true,false,false,false,false,false,true,false,false,false,false,false,true,false,false,false,false,false,false,true,false,false,false,false,false,false,false,false,false,true,false,37.0,false,false,true,false,false,false,false,false,false,false,false,true,false
35794,7453,2,2.0,3.0,1.0,0.0,2.0,1.0,0.0,0.0,2.0,0.0,-2.74,"You'd be surprised how quickly ""stop right there criminal scum!"" Turns into ""fuck me right here! Criminal cum!"" When the culprit is cute, crazy, and has a cock as long and thick as a forearm- URL",0.61,0.27,-0.22,0.63,0.83,0.72,0.2468583166460487,false,false,false,false,false,false,false,false,false,false,false,false,false,false,false,false,false,false,false,false,false,false,false,false,true,false,false,false,false,false,false,true,false,false,false,false,false,false,false,false,false,false,false,false,false,false,false,false,false,false,false,false,false,female,no,some_college,10k-50k,extremely_liberal,false,true,false,false,false,false,true,false,false,false,true,false,false,false,false,false,false,true,false,false,false,false,false,false,false,false,false,false,false,false,false,false,false,false,false,true,false,41.0,false,false,false,false,false,false,false,true,false,false,false,true,false
42107,4603,3,4.0,4.0,4.0,3.0,3.0,4.0,1.0,0.0,3.0,2.0,1.01,Trump is right. We need a deportation force and throw a few million of them out. And then build a wall so they can't get back in. Then they can be happy in their brown shitholes without having to live among the white men they hate so much.,2.3,2.99,0.2,0.32,1.26,1.19,0.17049429528238785,false,false,true,false,false,false,false,false,true,false,false,false,false,false,false,false,false,false,false,false,false,false,false,false,false,false,false,false,false,false,false,false,false,false,false,false,false,false,false,false,false,false,false,false,false,false,false,false,false,false,false,false,false,male,no,college_grad_ba,50k-100k,conservative,true,false,false,false,false,false,true,false,false,false,false,false,true,false,false,false,false,false,true,false,false,false,true,false,false,false,false,false,false,false,false,false,false,false,false,true,false,54.0,false,false,true,false,false,false,false,false,false,true,false,false,false
20695,6765,2,2.0,2.0,1.0,1.0,2.0,1.0,1.0,0.0,2.0,0.0,-3.8,Majority of girls talking to me after they find out I play for the same team URL,0.29,0.14,-0.84,0.46,0.76,0.91,-0.9404470755785036,false,false,false,false,false,false,false,false,false,false,false,false,false,false,false,false,false,false,false,false,false,false,false,false,false,false,false,false,false,true,false,true,false,false,false,false,false,false,false,false,false,false,false,false,false,false,false,false,false,false,false,false,false,male,no,some_college,50k-100k,conservative,true,false,false,false,false,false,true,false,false,false,true,false,false,false,false,false,false,false,true,false,false,false,true,false,false,false,false,false,false,false,false,false,false,false,false,true,false,63.0,false,false,true,false,false,false,false,false,false,false,false,true,false
14184,1168,0,1.0,1.0,1.0,1.0,2.0,1.0,0.0,0.0,2.0,0.0,-3.53,">That's a little uncharitable. I'm not a white nationalist, nor do I want to keep the races separate. I don't mean to be uncharitable there, but I was trying to be clear on why I think your statement was so concerning. I don't think you're a white nationalist and I'm glad that you have made this statement to clarify that. >And my point is that different cultures should be celebrated instead of muted. I think we can all agree about that.",0.41,2.8,0.07,0.47,0.66,0.68,-1.146349511955003,false,false,false,false,false,false,false,true,true,false,false,false,false,false,false,false,false,false,false,false,false,false,true,true,false,false,false,false,false,false,false,false,false,false,false,false,false,false,false,false,false,false,false,false,false,false,false,false,false,false,false,false,false,male,no,college_grad_ba,50k-100k,neutral,true,false,false,false,false,false,true,false,false,false,false,false,true,false,false,false,false,false,true,false,false,false,false,false,true,false,false,false,false,false,false,false,false,false,false,true,false,35.0,false,false,true,false,false,false,false,false,false,false,false,true,false
48140,10871,3,3.0,3.0,3.0,3.0,3.0,1.0,1.0,0.0,3.0,2.0,0.23,This just make me want them deported all the more. The brown 4 have done nothing to serve the people. All they do is work against Trump. They need to be gone now!,0.43,0.43,0.06,0.44,0.82,0.77,0.14656041333148087,false,false,true,false,false,false,false,false,true,false,false,false,false,false,false,false,false,false,false,false,false,false,false,false,false,false,false,false,false,false,false,false,false,false,false,false,false,false,false,false,false,false,false,false,false,false,false,false,false,false,false,false,false,male,no,professional_degree,>200k,extremely_conservative,true,false,false,false,false,false,true,false,false,false,false,false,false,true,false,false,false,false,false,false,true,true,false,false,false,false,false,false,false,false,false,false,false,false,false,true,false,36.0,false,false,true,false,false,false,false,false,false,false,false,true,false
41025,1095,3,3.0,2.0,2.0,2.0,2.0,0.0,0.0,0.0,2.0,0.0,-1.07,She must be mormon 6 kids?,0.49,0.46,0.94,0.3,1.02,1.1,-0.3727641451078411,false,false,false,false,false,false,false,false,false,false,false,false,false,false,true,false,false,true,false,false,false,false,false,false,false,false,false,false,false,false,false,false,false,false,false,false,false,false,false,false,false,false,false,false,false,false,false,false,false,false,false,false,false,female,no,college_grad_ba,10k-50k,no_opinion,false,true,false,false,false,false,true,false,false,false,false,false,true,false,false,false,false,true,false,false,false,false,false,false,false,false,false,false,true,false,true,true,false,true,false,true,false,30.0,false,false,false,false,false,false,false,true,false,false,false,true,false
34714,10256,2,4.0,4.0,4.0,3.0,3.0,4.0,4.0,4.0,4.0,0.0,2.54,Deep down in my inner demonic soul. I feel like nuking Arab world for what they're doing Black people. I finally gave up feeling sympathy for these creatures. I hope Israel and western world continue bombing them creature and dismember them apart.,2.12,1.67,1.0,0.42,1.38,1.18,0.5540928910353963,false,false,false,true,false,false,false,false,true,false,false,false,false,false,false,false,false,false,false,false,true,false,false,true,false,false,false,false,false,false,false,false,false,false,false,false,false,false,false,false,false,false,false,false,false,false,false,false,false,false,false,false,false,female,no,college_grad_ba,50k-100k,liberal,false,true,false,false,false,false,true,false,false,false,false,false,true,false,false,false,false,false,true,false,false,false,false,false,false,false,true,false,false,false,false,false,false,false,false,true,false,42.0,true,false,false,false,false,false,false,false,false,true,false,false,false
48242,10381,3,3.0,4.0,3.0,3.0,3.0,2.0,0.0,0.0,3.0,0.0,-0.85,Another American violent crap - Americans are working hard to change world mentality in order to make another billion.,0.92,0.72,-0.77,0.29,0.84,0.71,0.06956397290158821,false,false,false,false,false,false,false,false,false,false,false,false,false,false,false,false,false,false,false,false,true,false,false,true,false,false,false,false,false,false,false,false,false,false,false,false,false,false,false,false,false,false,false,false,false,false,false,false,false,false,false,false,false,male,no,masters,100k-200k,conservative,true,false,false,false,false,false,true,false,false,false,false,false,false,false,true,false,false,false,false,true,false,false,true,false,false,false,false,false,false,false,false,false,false,false,false,true,false,71.0,false,false,true,false,false,false,false,false,false,false,false,true,false
26845,3963,2,4.0,4.0,4.0,4.0,3.0,2.0,0.0,0.0,4.0,0.0,1.88,"""where they ultimately need to be"" is back in the fucking Congo you morons URL",0.89,0.78,0.88,0.39,0.84,0.74,0.2579332063055987,false,true,false,false,false,false,false,false,true,false,false,false,false,false,false,false,false,false,false,false,false,false,false,false,false,false,false,false,false,false,false,false,false,false,false,false,false,false,false,false,false,false,false,false,false,false,false,false,false,false,false,false,false,female,no,college_grad_ba,100k-200k,slightly_conservative,false,true,false,false,false,false,true,false,false,false,false,false,true,false,false,false,false,false,false,true,false,false,false,true,false,false,false,false,false,false,false,false,false,false,false,true,false,55.0,false,false,true,false,false,false,false,false,false,false,false,true,false
8070,5414,0,3.0,3.0,3.0,3.0,2.0,3.0,0.0,0.0,3.0,0.0,-1.29,Bye Felicia I'd be no Fucking use to you nor would King Kong to your pussy after insertion of that baseball bat,0.44,0.52,-0.91,0.59,0.92,0.68,0.2910313509774342,false,false,false,false,false,false,false,false,false,false,false,false,false,false,false,false,false,false,false,false,false,false,false,false,false,false,false,false,false,true,false,true,false,false,false,false,false,false,false,false,false,false,false,false,false,false,false,false,false,false,false,false,false,female,no,masters,50k-100k,extremely_liberal,false,true,false,false,false,false,true,false,false,false,false,false,false,false,true,false,false,false,true,false,false,false,false,false,false,false,false,false,false,false,false,false,false,false,false,true,false,38.0,true,false,false,false,false,false,false,false,false,false,false,true,false
24948,9567,2,3.0,3.0,2.0,1.0,2.0,1.0,0.0,0.0,2.0,0.0,-1.8,deadly class really got canceled. homophobia,0.4,0.44,-0.28,0.35,0.63,0.59,-0.34953573645172753,false,false,false,false,false,false,false,false,false,false,false,false,false,false,false,false,false,false,false,false,false,false,false,false,false,false,false,false,false,false,false,false,false,true,false,false,false,true,false,false,false,false,false,false,false,false,false,false,false,false,false,false,false,male,no,college_grad_aa,50k-100k,slightly_liberal,true,false,false,false,false,false,true,false,false,false,false,true,false,false,false,false,false,false,true,false,false,false,false,false,false,true,false,false,false,false,false,true,false,false,false,false,false,28.0,false,false,false,false,false,false,false,true,false,false,false,true,false
12635,4976,0,4.0,3.0,3.0,3.0,2.0,3.0,1.0,0.0,3.0,2.0,0.79,She's a piece of shit I hope she catches an STD.,0.64,0.71,0.47,0.6,0.7,0.56,0.4274007241960353,false,false,false,false,false,false,false,false,false,false,false,false,false,false,false,false,false,false,false,false,false,false,false,false,false,false,false,false,false,true,false,true,false,false,false,false,false,false,false,false,false,false,false,false,false,false,false,false,false,false,false,false,false,female,no,college_grad_aa,50k-100k,liberal,false,true,false,false,false,false,true,false,false,false,false,true,false,false,false,false,false,false,true,false,false,false,false,false,false,false,true,false,false,false,false,false,false,false,false,true,false,38.0,false,false,false,false,false,false,false,true,false,false,false,true,false
29293,1038,2,3.0,2.0,2.0,2.0,2.0,2.0,1.0,1.0,2.0,1.0,-0.04,Bitches be salty as hell when a nigga treat they Ma dukes like a queen but not them ðŸ¤£,1.07,0.95,0.54,0.35,0.88,0.77,-0.2342759950798049,false,false,false,false,false,false,false,false,false,false,false,false,false,false,false,false,false,false,false,false,false,false,false,false,false,false,false,false,false,true,false,true,false,false,false,false,false,false,false,false,false,false,false,false,false,false,false,false,false,false,false,false,false,female,no,college_grad_ba,10k-50k,extremely_liberal,false,true,false,false,false,false,true,false,false,false,false,false,true,false,false,false,false,true,false,false,false,false,false,false,false,false,false,false,false,false,false,false,false,false,false,true,false,26.0,true,false,false,false,false,false,false,false,false,false,false,true,false
12271,415,0,3.0,4.0,3.0,3.0,3.0,3.0,2.0,0.0,3.0,0.0,-0.38,You get to fuck her and get fucked in the ass by her daddy,1.18,1.0,0.32,0.26,0.85,0.7,0.14212780278132167,false,false,false,false,false,false,false,false,false,false,false,false,false,false,false,false,false,false,false,false,false,false,false,false,true,false,false,false,false,true,false,true,false,false,false,false,false,false,false,false,false,false,false,false,false,false,false,false,false,false,false,false,false,female,no,college_grad_ba,10k-50k,extremely_liberal,false,true,false,false,false,false,true,false,false,false,false,false,true,false,false,false,false,true,false,false,false,false,false,false,false,false,false,false,false,false,false,false,false,false,false,true,false,39.0,true,false,false,false,false,false,false,false,false,false,false,true,false
28981,9054,2,4.0,4.0,4.0,4.0,4.0,4.0,2.0,1.0,3.0,2.0,1.81,"Hey Twitter!!! Islam is a tool of Satan!!! Muslims worship a child molester!!! There is only one God and he is YOUR maker and he still sits on his throne, watching all of you disgusting fools!!!! I pity all of you when you stand before him!!",0.68,0.52,-0.2,0.34,0.58,0.43,0.4489495991785291,false,false,false,false,false,false,false,false,false,false,false,false,false,false,false,true,false,true,false,false,false,false,false,false,false,false,false,false,false,false,false,false,false,false,false,false,false,false,false,false,false,false,false,false,false,false,false,false,false,false,false,false,false,male,no,college_grad_ba,50k-100k,slightly_liberal,true,false,false,false,false,false,true,false,false,false,false,false,true,false,false,false,false,false,true,false,false,false,false,false,false,true,false,false,false,false,false,false,false,false,false,true,false,34.0,true,false,false,false,false,false,false,false,false,false,false,true,false
43872,8017,3,4.0,4.0,4.0,4.0,2.0,4.0,3.0,0.0,3.0,0.0,-0.58,Ainz Ooal Pwn 229 yup 150 years after slavery was outlawed and still blacks sold other blacks into slavery what a shame,0.97,0.94,-0.68,0.3,1.32,1.17,-0.3326343808325338,false,true,false,false,false,false,false,false,true,false,false,false,false,false,false,false,false,false,false,false,false,false,false,false,false,false,false,false,false,false,false,false,false,false,false,false,false,false,false,false,false,false,false,false,false,false,false,false,false,false,false,false,false,female,no,masters,100k-200k,neutral,false,true,false,false,false,false,true,false,false,false,false,false,false,false,true,false,false,false,false,true,false,false,false,false,true,false,false,false,false,false,false,false,false,false,false,true,false,45.0,false,false,true,false,false,false,false,false,false,false,false,true,false
7737,634,0,4.0,4.0,4.0,4.0,4.0,0.0,0.0,0.0,3.0,0.0,0.29,Because you're old and pathetic incel trash who only thinks of things that aren't funny.,0.65,0.57,-0.23,0.35,1.17,2.12,0.2568941733919904,false,false,false,false,false,false,false,false,false,false,false,false,false,false,false,false,false,false,false,false,false,false,false,false,false,false,false,false,false,false,false,false,false,false,false,false,false,false,false,false,false,true,true,false,true,false,false,false,false,false,false,false,false,female,no,college_grad_ba,10k-50k,slightly_conservative,false,true,false,false,false,false,true,false,false,false,false,false,true,false,false,false,false,true,false,false,false,false,false,true,false,false,false,false,false,false,false,false,false,false,false,true,false,31.0,true,false,false,false,false,false,false,false,false,false,false,true,false
16019,3521,0,0.0,0.0,0.0,0.0,2.0,0.0,0.0,0.0,2.0,0.0,-5.32,"Nice! As a bi couple, we thoroughly enjoy bi dad friends =)",0.81,0.3,-0.46,0.51,0.87,0.66,-1.2011873894228122,false,false,false,false,false,false,false,false,false,false,false,false,false,false,false,false,false,false,false,false,false,false,false,false,false,false,false,false,false,false,false,false,true,false,false,false,false,true,false,false,false,false,false,false,false,false,false,false,false,false,false,false,false,female,no,high_school_grad,100k-200k,slightly_liberal,false,true,false,false,false,false,true,false,false,true,false,false,false,false,false,false,false,false,false,true,false,false,false,false,false,true,false,false,false,false,false,false,false,false,false,true,false,50.0,false,false,true,false,false,false,false,false,false,false,false,true,false
37045,1768,2,2.0,2.0,1.0,1.0,2.0,2.0,2.0,2.0,2.0,0.0,-1.29,They should use this on white male domestic terrorist cells.,1.08,1.26,0.07,0.34,0.99,0.78,-0.1728375725952363,false,false,false,false,false,false,true,false,true,false,false,false,false,false,false,false,false,false,false,false,false,false,false,false,true,false,false,false,false,false,false,true,false,false,false,false,false,false,false,false,false,false,false,false,false,false,false,false,false,false,false,false,false,female,no,masters,50k-100k,extremely_liberal,false,true,false,false,false,false,true,false,false,false,false,false,false,false,true,false,false,false,true,false,false,false,false,false,false,false,false,false,false,false,false,false,false,false,false,true,false,34.0,true,false,false,false,false,false,false,false,false,false,true,false,false
49409,10377,3,3.0,4.0,3.0,2.0,2.0,3.0,3.0,1.0,3.0,2.0,-0.76,Washington Post and there white genocide agenda.,0.63,0.84,-0.8,0.34,1.15,8.73,-0.2512984814594111,false,false,false,false,false,false,true,false,true,false,false,false,false,false,false,false,false,false,false,false,false,false,false,false,false,false,false,false,false,false,false,false,false,false,false,false,false,false,false,false,false,false,false,false,false,false,false,false,false,false,false,false,false,male,no,college_grad_ba,50k-100k,slightly_liberal,true,false,false,false,false,false,true,false,false,false,false,false,true,false,false,false,false,false,true,false,false,false,false,false,false,true,false,false,false,false,false,false,false,false,false,true,false,33.0,false,false,false,false,false,false,false,true,false,false,false,true,false
47899,3538,3,4.0,3.0,3.0,4.0,3.0,3.0,0.0,0.0,3.0,2.0,1.4,i almost puke seeing this transvestite,1.04,0.95,0.0,0.33,0.86,0.71,-0.1723682936255828,false,false,false,false,false,false,false,false,false,false,false,false,false,false,false,false,false,false,false,false,false,false,false,false,false,true,false,false,false,false,false,true,false,false,false,false,false,false,false,false,false,false,false,false,false,false,false,false,false,false,false,false,false,male,no,college_grad_ba,50k-100k,liberal,true,false,false,false,false,false,true,false,false,false,false,false,true,false,false,false,false,false,true,false,false,false,false,false,false,false,true,false,false,false,false,false,false,false,false,true,false,24.0,false,false,false,false,false,false,false,true,false,false,false,true,false
30201,7049,2,3.0,3.0,3.0,3.0,3.0,2.0,0.0,0.0,2.0,0.0,1.07,@nailainayat I thought in islam there are no siblings only couples! Because brother marries his own sister is what cruel reality of islam! Even in many cases in India muslim father marries his own daughter on the pretext that it is islamic! And changes entire relationship!,0.98,0.81,0.42,0.32,0.74,0.6,-0.7801367424944912,false,false,false,false,false,false,false,false,false,false,false,false,false,false,false,false,false,false,false,false,true,false,false,true,false,false,false,false,false,false,false,false,false,false,false,false,false,false,false,false,false,false,false,false,false,false,false,false,false,false,false,false,false,female,no,high_school_grad,10k-50k,neutral,false,true,false,false,false,false,true,false,false,true,false,false,false,false,false,false,false,true,false,false,false,false,false,false,true,false,false,false,false,false,false,true,false,false,false,false,false,21.0,false,false,false,false,false,false,false,false,true,true,false,false,false
12334,5640,0,3.0,3.0,3.0,2.0,2.0,0.0,0.0,0.0,2.0,2.0,0.29,Maybe they are only good enough to get hood niggas so they try meme them like they're desirable long term. Yeah an educated thirsty nigga might dick u down but will he stay with some hood ass Thot? I think not. It's all they can get so they make it seem like it's all that they want.,0.58,0.6,0.92,0.36,1.15,1.32,-0.16324080603564958,false,true,false,false,false,false,false,false,true,false,false,false,false,false,false,false,false,false,false,false,false,false,false,false,false,false,false,false,false,false,false,false,false,false,false,false,false,false,false,false,false,false,false,false,false,false,false,false,false,false,false,false,false,male,no,high_school_grad,10k-50k,neutral,true,false,false,false,false,false,true,false,false,true,false,false,false,false,false,false,false,true,false,false,false,false,false,false,true,false,false,false,false,false,false,false,false,false,false,true,false,37.0,true,false,false,false,false,false,false,false,false,false,false,true,false
